{
 "Files" : [
  {
   "Path" : "D:/proj/Gowin_DVI_RX_RefDesign/project/src/dvi_rx/dvi_rx.v",
   "Type" : "verilog"
  },
  {
   "Path" : "D:/proj/Gowin_DVI_RX_RefDesign/project/src/dvi_tx/dvi_tx.v",
   "Type" : "verilog"
  },
  {
   "Path" : "D:/proj/Gowin_DVI_RX_RefDesign/project/src/edid_prom/edid_prom.v",
   "Type" : "verilog"
  },
  {
   "Path" : "D:/proj/Gowin_DVI_RX_RefDesign/project/src/video_top.v",
   "Type" : "verilog"
  }
 ],
 "IncludePath" : [

 ],
 "LoopLimit" : 2000,
 "ResultFile" : "D:/proj/Gowin_DVI_RX_RefDesign/project/impl/temp/rtl_parser.result",
 "Top" : "video_top",
 "VerilogStd" : "sysv",
 "VhdlStd" : "vhdl_93"
}